Workbook

Sheet CONTABILIDAD
A1: Fecha | B1: Numero de Telefono | C1: Producto | D1: Nombre | E1: Precio Original | F1: Precio Final | G1: Comision Lideres Locales | H1: FLORE
D2: =IF(C2="","",VLOOKUP(C2,PRECIOS!A:B,2,FALSE())) | E2: =IF(C2="","",VLOOKUP(C2,PRECIOS!A:C,3,FALSE())) | F2: =IF(C2="","",VLOOKUP(C2,PRECIOS!A:D,4,FALSE())) | G2: =IF(F2="","",F2*0.2) | H2: =IF(F2="","",F2*0.8)
D3: =IF(C3="","",VLOOKUP(C3,PRECIOS!A:B,2,FALSE())) | E3: =IF(C3="","",VLOOKUP(C3,PRECIOS!A:C,3,FALSE())) | F3: =IF(C3="","",VLOOKUP(C3,PRECIOS!A:D,4,FALSE())) | G3: =IF(F3="","",F3*0.2) | H3: =IF(F3="","",F3*0.8)
D4: =IF(C4="","",VLOOKUP(C4,PRECIOS!A:B,2,FALSE())) | E4: =IF(C4="","",VLOOKUP(C4,PRECIOS!A:C,3,FALSE())) | F4: =IF(C4="","",VLOOKUP(C4,PRECIOS!A:D,4,FALSE())) | G4: =IF(F4="","",F4*0.2) | H4: =IF(F4="","",F4*0.8)
D5: =IF(C5="","",VLOOKUP(C5,PRECIOS!A:B,2,FALSE())) | E5: =IF(C5="","",VLOOKUP(C5,PRECIOS!A:C,3,FALSE())) | F5: =IF(C5="","",VLOOKUP(C5,PRECIOS!A:D,4,FALSE())) | G5: =IF(F5="","",F5*0.2) | H5: =IF(F5="","",F5*0.8)
D6: =IF(C6="","",VLOOKUP(C6,PRECIOS!A:B,2,FALSE())) | E6: =IF(C6="","",VLOOKUP(C6,PRECIOS!A:C,3,FALSE())) | F6: =IF(C6="","",VLOOKUP(C6,PRECIOS!A:D,4,FALSE())) | G6: =IF(F6="","",F6*0.2) | H6: =IF(F6="","",F6*0.8) | I6: =SUM(G2:G5) -> 0
D7: =IF(C7="","",VLOOKUP(C7,PRECIOS!A:B,2,FALSE())) | E7: =IF(C7="","",VLOOKUP(C7,PRECIOS!A:C,3,FALSE())) | F7: =IF(C7="","",VLOOKUP(C7,PRECIOS!A:D,4,FALSE())) | G7: =IF(F7="","",F7*0.2) | H7: =IF(F7="","",F7*0.8)
D8: =IF(C8="","",VLOOKUP(C8,PRECIOS!A:B,2,FALSE())) | E8: =IF(C8="","",VLOOKUP(C8,PRECIOS!A:C,3,FALSE())) | F8: =IF(C8="","",VLOOKUP(C8,PRECIOS!A:D,4,FALSE())) | G8: =IF(F8="","",F8*0.2) | H8: =IF(F8="","",F8*0.8)
D9: =IF(C9="","",VLOOKUP(C9,PRECIOS!A:B,2,FALSE())) | E9: =IF(C9="","",VLOOKUP(C9,PRECIOS!A:C,3,FALSE())) | F9: =IF(C9="","",VLOOKUP(C9,PRECIOS!A:D,4,FALSE())) | G9: =IF(F9="","",F9*0.2) | H9: =IF(F9="","",F9*0.8)
D10: =IF(C10="","",VLOOKUP(C10,PRECIOS!A:B,2,FALSE())) | E10: =IF(C10="","",VLOOKUP(C10,PRECIOS!A:C,3,FALSE())) | F10: =IF(C10="","",VLOOKUP(C10,PRECIOS!A:D,4,FALSE())) | G10: =IF(F10="","",F10*0.2) | H10: =IF(F10="","",F10*0.8)
D11: =IF(C11="","",VLOOKUP(C11,PRECIOS!A:B,2,FALSE())) | E11: =IF(C11="","",VLOOKUP(C11,PRECIOS!A:C,3,FALSE())) | F11: =IF(C11="","",VLOOKUP(C11,PRECIOS!A:D,4,FALSE())) | G11: =IF(F11="","",F11*0.2) | H11: =IF(F11="","",F11*0.8)
D12: =IF(C12="","",VLOOKUP(C12,PRECIOS!A:B,2,FALSE())) | E12: =IF(C12="","",VLOOKUP(C12,PRECIOS!A:C,3,FALSE())) | F12: =IF(C12="","",VLOOKUP(C12,PRECIOS!A:D,4,FALSE())) | G12: =IF(F12="","",F12*0.2) | H12: =IF(F12="","",F12*0.8)
D13: =IF(C13="","",VLOOKUP(C13,PRECIOS!A:B,2,FALSE())) | E13: =IF(C13="","",VLOOKUP(C13,PRECIOS!A:C,3,FALSE())) | F13: =IF(C13="","",VLOOKUP(C13,PRECIOS!A:D,4,FALSE())) | G13: =IF(F13="","",F13*0.2) | H13: =IF(F13="","",F13*0.8)
D14: =IF(C14="","",VLOOKUP(C14,PRECIOS!A:B,2,FALSE())) | E14: =IF(C14="","",VLOOKUP(C14,PRECIOS!A:C,3,FALSE())) | F14: =IF(C14="","",VLOOKUP(C14,PRECIOS!A:D,4,FALSE())) | G14: =IF(F14="","",F14*0.2) | H14: =IF(F14="","",F14*0.8)
D15: =IF(C15="","",VLOOKUP(C15,PRECIOS!A:B,2,FALSE())) | E15: =IF(C15="","",VLOOKUP(C15,PRECIOS!A:C,3,FALSE())) | F15: =IF(C15="","",VLOOKUP(C15,PRECIOS!A:D,4,FALSE())) | G15: =IF(F15="","",F15*0.2) | H15: =IF(F15="","",F15*0.8)
D16: =IF(C16="","",VLOOKUP(C16,PRECIOS!A:B,2,FALSE())) | E16: =IF(C16="","",VLOOKUP(C16,PRECIOS!A:C,3,FALSE())) | F16: =IF(C16="","",VLOOKUP(C16,PRECIOS!A:D,4,FALSE())) | G16: =IF(F16="","",F16*0.2) | H16: =IF(F16="","",F16*0.8)
D17: =IF(C17="","",VLOOKUP(C17,PRECIOS!A:B,2,FALSE())) | E17: =IF(C17="","",VLOOKUP(C17,PRECIOS!A:C,3,FALSE())) | F17: =IF(C17="","",VLOOKUP(C17,PRECIOS!A:D,4,FALSE())) | G17: =IF(F17="","",F17*0.2) | H17: =IF(F17="","",F17*0.8)
D18: =IF(C18="","",VLOOKUP(C18,PRECIOS!A:B,2,FALSE())) | E18: =IF(C18="","",VLOOKUP(C18,PRECIOS!A:C,3,FALSE())) | F18: =IF(C18="","",VLOOKUP(C18,PRECIOS!A:D,4,FALSE())) | G18: =IF(F18="","",F18*0.2) | H18: =IF(F18="","",F18*0.8)
... D100: =IF(C100="","",VLOOKUP(C100,PRECIOS!A:B,2,FALSE())) | E100: =IF(C100="","",VLOOKUP(C100,PRECIOS!A:C,3,FALSE())) | F100: =IF(C100="","",VLOOKUP(C100,PRECIOS!A:D,4,FALSE())) | G100: =IF(F100="","",F100*0.2) | H100: =IF(F100="","",F100*0.8)

Sheet PRECIOS
A1: Código | B1: Nombre | C1: Precio Original | D1: Precio con Comisiones (Precio Final) | E1: Comisión | F1: Dueña | I1: Personalizado | J1: 0
A2: Personalizado | B2: Personalizado | C2: 0 | D2: 0 | E2: 0 | F2: 0 | I2: Detalle Especial | J2: 56000
A3: Pasión Imperial | B3: Pasión Imperial | C3: =D3/1.25 -> 264000 | D3: 330000 | E3: =D3-C3 -> 66000 | F3: =D3-E3 -> 264000 | I3: Detalle Rosado | J3: 70000
A4: Fusión Romántica | B4: Fusión Romántica | C4: =D4/1.25 -> 240000 | D4: 300000 | E4: =D4-C4 -> 60000 | F4: =D4-E4 -> 240000 | I4: Protagonista Solar | J4: 90000
A5: Gesto del Alma | B5: Gesto del Alma | C5: =D5/1.25 -> 160000 | D5: 200000 | E5: =D5-C5 -> 40000 | F5: =D5-E5 -> 160000 | I5: Sol y Pasión | J5: 100000
A6: Sinfonía de Ternura | B6: Sinfonía de Ternura | C6: =D6/1.25 -> 240000 | D6: 300000 | E6: =D6-C6 -> 60000 | F6: =D6-E6 -> 240000 | I6: Esperanza Amarilla | J6: 120000
A7: Pequeño Encanto | B7: Pequeño Encanto | C7: =D7/1.25 -> 136000 | D7: 170000 | E7: =D7-C7 -> 34000 | F7: =D7-E7 -> 136000 | I7: Detalle Sincero | J7: 120000
A8: Presencia Magnética | B8: Presencia Magnética | C8: =D8/1.25 -> 376000 | D8: 470000 | E8: =D8-C8 -> 94000 | F8: =D8-E8 -> 376000 | I8: Pasión en Caja | J8: 125000
A9: Personalidad Solar | B9: Personalidad Solar | C9: =D9/1.25 -> 288000 | D9: 360000 | E9: =D9-C9 -> 72000 | F9: =D9-E9 -> 288000 | I9: Premium Exclusivo | J9: 125000
A10: Grandeza Memorable | B10: Grandeza Memorable | C10: =D10/1.25 -> 400000 | D10: 500000 | E10: =D10-C10 -> 100000 | F10: =D10-E10 -> 400000 | I10: Dulzura Rosada | J10: 145000
A11: Armonía Perfecta | B11: Armonía Perfecta | C11: =D11/1.25 -> 136000 | D11: 170000 | E11: =D11-C11 -> 34000 | F11: =D11-E11 -> 136000 | I11: Energía Natural | J11: 150000
A12: Declaración Absoluta | B12: Declaración Absoluta | C12: =D12/1.25 -> 224000 | D12: 280000 | E12: =D12-C12 -> 56000 | F12: =D12-E12 -> 224000 | I12: Sol en Cristal | J12: 150000
A13: Corona del Amor | B13: Corona del Amor | C13: =D13/1.25 -> 216000 | D13: 270000 | E13: =D13-C13 -> 54000 | F13: =D13-E13 -> 216000 | I13: Corazón de Rosas | J13: 150000
A14: Distinción Natural | B14: Distinción Natural | C14: =D14/1.25 -> 176000 | D14: 220000 | E14: =D14-C14 -> 44000 | F14: =D14-E14 -> 176000 | I14: Dulzura Natural | J14: 156250
... A85: Altar Clásico | B85: Altar Clásico | C85: =D85/1.25 -> 140000 | D85: 175000 | E85: =D85-C85 -> 35000 | F85: =D85-E85 -> 140000 | I85: Majestuosidad Roja | J85: 700000
A86: Altar Rosado | B86: Altar Rosado | C86: =D86/1.25 -> 140000 | D86: 175000 | E86: =D86-C86 -> 35000 | F86: =D86-E86 -> 140000
